id,label
ben,ben
ben,ben
mal,ben
ben,ben
mal,mal
ben,ben
mal,mal
ben,ben
mal,ben
ben,ben
ben,mal
mal,mal
ben,ben
mal,mal
mal,ben
ben,ben
ben,ben
ben,ben
ben,ben
ben,ben
ben,ben
ben,ben
ben,ben
ben,ben
mal,mal
ben,ben
mal,ben
ben,ben
ben,ben
mal,mal
mal,ben
ben,ben
ben,ben
ben,mal
mal,mal
mal,mal
ben,ben
mal,mal
ben,ben
mal,ben
ben,ben
ben,ben
mal,ben
ben,ben
ben,ben
ben,ben
ben,ben
mal,ben
ben,ben
ben,ben
ben,ben
mal,mal
ben,ben
ben,ben
ben,ben
ben,ben
ben,ben
ben,ben
ben,ben
ben,ben
mal,mal
ben,ben
mal,mal
ben,ben
mal,ben
ben,ben
mal,ben
ben,ben
ben,ben
mal,ben
mal,mal
mal,mal
mal,mal
mal,ben
ben,ben
ben,ben
ben,ben
mal,ben
ben,ben
mal,mal
ben,ben
ben,ben
mal,ben
ben,ben
ben,ben
ben,ben
ben,ben
mal,ben
mal,ben
ben,ben
ben,ben
ben,mal
mal,ben
mal,ben
ben,ben
ben,ben
ben,ben
mal,mal
ben,ben
mal,mal
ben,ben
ben,ben
ben,ben
ben,ben
mal,mal
ben,ben
mal,ben
ben,ben
ben,ben
ben,mal
ben,ben
ben,ben
mal,ben
ben,ben
ben,ben
mal,mal
mal,mal
ben,ben
mal,ben
ben,ben
ben,ben
mal,ben
ben,ben
ben,mal
ben,ben
mal,mal
ben,ben
ben,ben
ben,ben
ben,mal
ben,ben
ben,ben
ben,ben
mal,mal
ben,ben
mal,ben
ben,ben
mal,mal
mal,ben
ben,ben
mal,ben
mal,ben
ben,mal
mal,mal
mal,mal
ben,ben
ben,ben
ben,ben
mal,mal
mal,mal
ben,ben
mal,ben
mal,mal
mal,ben
ben,ben
ben,ben
mal,mal
mal,mal
ben,ben
ben,ben
ben,ben
mal,ben
ben,ben
ben,ben
mal,ben
ben,ben
mal,mal
ben,ben
mal,mal
ben,ben
mal,ben
ben,ben
ben,ben
ben,ben
mal,ben
ben,ben
ben,mal
ben,ben
mal,mal
ben,ben
ben,ben
mal,mal
mal,ben
mal,mal
mal,mal
mal,mal
mal,ben
ben,ben
ben,ben
ben,ben
mal,ben
mal,mal
ben,ben
ben,ben
mal,ben
ben,ben
ben,ben
ben,ben
mal,ben
ben,ben
mal,mal
mal,ben
mal,mal
mal,ben
mal,mal
mal,mal
mal,mal
mal,ben
ben,ben
ben,ben
mal,mal
mal,ben
ben,ben
mal,mal
mal,ben
mal,mal
ben,mal
ben,ben
mal,mal
ben,ben
ben,ben
mal,mal
ben,ben
ben,ben
mal,ben
ben,ben
mal,ben
mal,ben
ben,mal
mal,mal
ben,ben
mal,ben
mal,ben
ben,ben
mal,ben
ben,ben
mal,mal
mal,ben
ben,ben
ben,ben
ben,ben
ben,ben
ben,ben
mal,mal
mal,ben
mal,mal
ben,ben
mal,mal
ben,ben
mal,ben
mal,mal
ben,ben
ben,ben
ben,ben
mal,mal
ben,ben
mal,mal
mal,ben
ben,mal
ben,ben
mal,mal
mal,mal
mal,mal
ben,ben
mal,mal
ben,ben
ben,ben
ben,ben
mal,mal
ben,ben
ben,ben
ben,ben
mal,ben
ben,ben
mal,mal
ben,mal
ben,ben
mal,ben
mal,mal
ben,mal
ben,ben
mal,ben
ben,ben
mal,mal
mal,ben
ben,ben
ben,ben
ben,ben
ben,ben
mal,ben
ben,ben
mal,ben
ben,ben
mal,ben
ben,ben
ben,ben
mal,mal
ben,ben
ben,ben
mal,mal
ben,ben
mal,ben
mal,mal
ben,ben
mal,ben
mal,ben
ben,ben
mal,mal
mal,mal
mal,ben
ben,ben
mal,ben
mal,ben
mal,ben
mal,ben
ben,ben
mal,ben
ben,ben
mal,ben
mal,mal
ben,ben
ben,ben
ben,ben
mal,mal
mal,mal
mal,mal
mal,mal
ben,ben
mal,ben
ben,ben
ben,ben
ben,ben
ben,ben
mal,mal
ben,ben
ben,ben
mal,ben
mal,ben
mal,ben
mal,ben
ben,ben
mal,mal
mal,ben
ben,ben
ben,ben
mal,mal
ben,ben
ben,ben
ben,ben
ben,ben
mal,ben
ben,ben
ben,ben
mal,mal
mal,mal
mal,ben
mal,mal
mal,mal
ben,ben
ben,ben
mal,mal
ben,ben
ben,ben
ben,ben
mal,mal
ben,ben
mal,ben
mal,ben
mal,ben
mal,ben
ben,ben
mal,mal
mal,mal
ben,ben
mal,mal
mal,ben
mal,ben
ben,ben
mal,ben
ben,ben
mal,mal
mal,mal
mal,mal
ben,ben
mal,mal
mal,ben
mal,mal
mal,mal
ben,ben
mal,ben
mal,ben
mal,mal
ben,ben
mal,mal
ben,ben
mal,ben
mal,ben
ben,ben
ben,mal
ben,ben
mal,mal
mal,mal
ben,mal
mal,mal
mal,mal
ben,ben
ben,ben
ben,ben
ben,ben
ben,ben
ben,ben
ben,ben
ben,ben
mal,mal
ben,ben
ben,ben
ben,ben
ben,ben
mal,ben
mal,ben
mal,ben
ben,ben
mal,ben
ben,ben
ben,ben
ben,ben
ben,ben
mal,ben
mal,ben
ben,mal
ben,ben
ben,ben
ben,ben
mal,mal
ben,ben
ben,ben
ben,ben
ben,ben
ben,ben
mal,ben
mal,ben
ben,ben
mal,ben
mal,ben
ben,ben
mal,mal
mal,ben
mal,mal
mal,mal
mal,ben
ben,ben
mal,ben
mal,mal
ben,ben
ben,ben
mal,ben
mal,ben
ben,ben
mal,mal
ben,ben
mal,ben
ben,mal
mal,mal
mal,mal
ben,ben
ben,mal
ben,ben
ben,ben
mal,mal
mal,mal
ben,ben
mal,ben
ben,ben
ben,ben
mal,mal
mal,mal
mal,ben
ben,ben
mal,ben
mal,ben
mal,ben
ben,ben
mal,mal
ben,ben
ben,ben
mal,mal
mal,mal
ben,ben
ben,ben
ben,ben
mal,mal
ben,ben
ben,ben
ben,ben
ben,ben
ben,ben
mal,mal
ben,ben
mal,mal
ben,ben
mal,mal
ben,ben
ben,ben
mal,ben
ben,ben
ben,ben
mal,ben
ben,ben
mal,ben
ben,ben
mal,mal
ben,ben
mal,mal
mal,ben
ben,ben
mal,ben
mal,ben
ben,ben
mal,ben
ben,ben
ben,ben
mal,mal
mal,ben
ben,ben
mal,ben
ben,ben
ben,ben
ben,ben
mal,ben
ben,mal
ben,ben
mal,ben
ben,ben
ben,ben
ben,ben
mal,ben
ben,ben
mal,ben
ben,ben
ben,ben
ben,ben
mal,ben
mal,mal
ben,ben
ben,ben
mal,mal
ben,ben
mal,ben
ben,ben
mal,mal
ben,ben
mal,ben
mal,mal
mal,ben
mal,ben
ben,ben
mal,ben
ben,ben
ben,ben
mal,mal
mal,ben
ben,ben
ben,ben
ben,ben
mal,mal
ben,ben
ben,ben
mal,ben
ben,ben
ben,ben
ben,ben
mal,ben
ben,ben
ben,ben
mal,mal
mal,mal
ben,ben
mal,mal
ben,ben
ben,ben
ben,ben
mal,ben
ben,ben
mal,mal
ben,ben
ben,ben
mal,ben
mal,mal
ben,ben
mal,mal
mal,ben
ben,ben
ben,ben
mal,mal
mal,mal
mal,ben
mal,ben
mal,mal
ben,ben
ben,mal
mal,ben
mal,mal
mal,mal
mal,mal
ben,ben
ben,ben
mal,mal
ben,ben
mal,ben
ben,ben
mal,ben
mal,mal
ben,ben
ben,ben
mal,mal
mal,ben
ben,ben
mal,mal
ben,ben
ben,ben
ben,ben
ben,ben
ben,ben
mal,ben
ben,ben
mal,mal
ben,ben
ben,ben
ben,ben
ben,ben
ben,ben
mal,mal
mal,ben
ben,ben
ben,ben
mal,mal
mal,mal
ben,ben
ben,mal
ben,ben
ben,ben
mal,mal
ben,ben
mal,mal
ben,ben
ben,ben
mal,mal
ben,ben
ben,ben
mal,mal
ben,ben
ben,ben
mal,ben
ben,ben
mal,mal
mal,ben
mal,mal
ben,mal
ben,ben
mal,ben
